Страна;Код;Регион;Исчезнувшая;Объединение;Комментарий
Австралия;au;Австралия и Океания;;;
Австрия;at;Европа;;;
Азербайджан;az;Азия;;;
Аланды;ax;Европа;;;Особый автономный регион Финляндии в Балтийском море
Албания;al;Европа;;;
Алжир;dz;Африка;;;
Американские Виргинские Острова;vi;Америка;;;Неинкорпорированная территория США в Карибском бассейне
Американское Самоа;as;Австралия и Океания;;;Неинкорпорированная территория США в Тихом океане
Ангилья;ai;Америка;;;Заморская территория Великобритании в Карибском бассейне
Ангола;ao;Африка;;;
Андорра;ad;Европа;;;
Антарктида;aq;Антарктида;;;Особая территория, не принадлежащая ни одному государству
Антигуа и Барбуда;ag;Америка;;;
Аргентина;ar;Америка;;;
Армения;am;Азия;;;
Аруба;aw;Америка;;;Автономная территория Королевства Нидерландов в Карибском бассейне
Афганистан;af;Азия;;;
Багамы;bs;Америка;;;
Бангладеш;bd;Азия;;;
Барбадос;bb;Америка;;;
Бахрейн;bh;Азия;;;
Беларусь;by;Европа;;;
Белиз;bz;Америка;;;
Бельгия;be;Европа;;;
Бермудские Острова;bm;Америка;;;Заморская территория Великобритании в Северной Атлантике
Болгария;bg;Европа;;;
Боливия;bo;Америка;;;
Бенин;bj;Африка;;;
Босния и Герцеговина;ba;Европа;;;
Ботсвана;bw;Африка;;;
Бразилия;br;Америка;;;
Британская Вест-Индия;gb;Америка;+;;Бывшая колония Великобритании в Карибском бассейне, территория современных государств: Антигуа и Барбуда, Багамы, Барбадос, Белиз, Гайана, Гренада, Доминика, Сент-Винсент и Гренадины, Сент-Китс и Невис, Сент-Люсия, Тринидад и Тобаго, Ямайка
Британская Восточная Африка;british_east_africa;Африка;+;;Бывшая колония Великобритании в Африке, территория современной Кении
Британская Западная Африка;british_west_africa;Африка;+;;Бывшая колония Великобритании в Африке, территория современных государств: Гамбия, Гана, Нигерия, Сьерра-Леоне
Британская Палестина;gb;Азия;+;;Бывшая мандатная территория Великобритании, территория современных государств: Израиль, Иордания, Палестина
Британские Виргинские острова;vg;Америка;;;Заморская территория Великобритании в Карибском бассейне
Британский Гондурас;british_honduras;Америка;+;;Бывшая колония Великобритании в Карибском бассейне, территория современного Белиза
Бруней;bn;Азия;;;
Буркина-Фасо;bf;Африка;;;
Бурунди;bi;Африка;;;
Бутан;bt;Азия;;;
Вануату;vu;Австралия и Океания;;;
Ватикан;va;Европа;;;
Великобритания;gb;Европа;;;
Венгрия;hu;Европа;;;
Венесуэла;ve;Америка;;;
Восточные Карибы;eastern_caribbean;Америка;;+;Единый эмитент валюты для восьми государств Карибского бассейна: Ангилья, Антигуа и Барбуда, Доминика, Гренада, Монтсеррат, Сент-Китс и Невис, Сент-Люсия, Сент-Винсент и Гренадины
Восточный Тимор;tl;Азия;;;
Вьетнам;vn;Азия;;;
Габон;ga;Африка;;;
Гаити;ht;Америка;;;
Гайана;gy;Америка;;;
Гамбия;gm;Африка;;;
Гана;gh;Африка;;;
Гваделупа;gp;Америка;;;Заморский департамент Франции в Карибском бассейне
Гватемала;gt;Америка;;;
Гвинея;gn;Африка;;;
Гвинея-Бисау;gw;Африка;;;
Германия;de;Европа;;;
Гернси;gg;Европа;;;Коронное владение Великобритании в проливе Ла-Манш
Гибралтар;gi;Европа;;;Заморская территория Великобритании на юге Пиренейского полуострова
Голландская Ост-Индия;nl;Азия;+;;Бывшая колония Нидерландов на островах Малайского архипелага, территория современной Индонезии
Гондурас;hn;Америка;;;
Гонконг;hk;Азия;;;Специальный административный район Китая
Гренада;gd;Америка;;;
Гренландия;gl;Америка;;;Автономная территория Датского королевства
Греция;gr;Европа;;;
Грузия;ge;Азия;;;
Гуам;gu;Австралия и Океания;;;Неинкорпорированная территория США в Тихом океане
Дания;dk;Европа;;;
ДР Конго;cd;Африка;;;
Джерси;je;Европа;;;Коронное владение Великобритании в проливе Ла-Манш
Джибути;dj;Африка;;;
Доминика;dm;Америка;;;
Доминикана;do;Америка;;;
Египет;eg;Африка;;;
Замбия;zm;Африка;;;
Западная Африка;unknown;Африка;;+;Единый эмитент валюты для восьми государств Западной Африки: Бенин, Буркина-Фасо, Гвинея-Бисау, Кот-д’Ивуар, Мали, Нигер, Сенегал, Того
Западная Сахара;eh;Африка;;;
Зимбабве;zw;Африка;;;
Израиль;il;Азия;;;
Индия;in;Азия;;;
Индонезия;id;Азия;;;
Иордания;jo;Азия;;;
Ирак;iq;Азия;;;
Иран;ir;Азия;;;
Ирландия;ie;Европа;;;
Исландия;is;Европа;;;
Испания;es;Европа;;;
Италия;it;Европа;;;
Йемен;ye;Азия;;;
Кабо-Верде;cv;Африка;;;
Казахстан;kz;Азия;;;
Каймановы острова;ky;Америка;;;Заморская территория Великобритании в Карибском бассейне
Камбоджа;kh;Азия;;;
Камерун;cm;Африка;;;
Канада;ca;Америка;;;
Катар;qa;Азия;;;
Кения;ke;Африка;;;
Кипр;cy;Азия;;;
Кирибати;ki;Австралия и Океания;;;
Китай;cn;Азия;;;
КНДР;kp;Азия;;;
Кокосовые острова;cc;Азия;;;Внешняя территория Австралии в Индийском океане
Колумбия;co;Америка;;;
Коморы;km;Африка;;;
Косово;xk;Европа;;;
Коста-Рика;cr;Америка;;;
Кот-д’Ивуар;ci;Африка;;;
Куба;cu;Америка;;;
Кувейт;kw;Азия;;;
Кыргызстан;kg;Азия;;;
Кюрасао;cw;Америка;;;Автономная территория Королевства Нидерландов в Карибском бассейне
Лаос;la;Азия;;;
Латвия;lv;Европа;;;
Лесото;ls;Африка;;;
Либерия;lr;Африка;;;
Ливан;lb;Азия;;;
Ливия;ly;Африка;;;
Литва;lt;Европа;;;
Лихтенштейн;li;Европа;;;
Люксембург;lu;Европа;;;
Маврикий;mu;Африка;;;
Мавритания;mr;Африка;;;
Мадагаскар;mg;Африка;;;
Майотта;yt;Африка;;;Заморский департамент Франции в Индийском океане
Макао;mo;Азия;;;Специальный административный район Китая
Малави;mw;Африка;;;
Малайзия;my;Азия;;;
Малайя;malaya;Азия;+;;Бывшая колония Великобритании на полуострове Малакка, территория современной Малайзии
Малайя и Британское Борнео;malaya_and_british_borneo;Азия;+;+;Бывший единый эмитент валюты для пяти государств Юго-Восточной Азии: Малайя, Сингапур, Саравак, Северное Борнео, Бруней
Мали;ml;Африка;;;
Мальдивы;mv;Азия;;;
Мальта;mt;Европа;;;
Марокко;ma;Африка;;;
Мартиника;mq;Америка;;;Заморский департамент Франции в Карибском бассейне
Маршалловы Острова;mh;Австралия и Океания;;;
Мексика;mx;Америка;;;
Мозамбик;mz;Африка;;;
Молдова;md;Европа;;;
Монако;mc;Европа;;;
Монголия;mn;Азия;;;
Монтсеррат;ms;Америка;;;Заморская территория Великобритании в Карибском бассейне
Мьянма;mm;Азия;;;
Намибия;na;Африка;;;
Науру;nr;Австралия и Океания;;;
Непал;np;Азия;;;
Нигер;ne;Африка;;;
Нигерия;ng;Африка;;;
Нидерландские Антильские острова;netherlands_antilles;Америка;+;;Бывшая автономная территория Королевства Нидерландов в Карибском бассейне, территория современных государств: Аруба, Кюрасао, Синт-Мартен, Бонайре, Синт-Эстатиус, Саба
Нидерланды;nl;Европа;;;
Никарагуа;ni;Америка;;;
Ниуэ;nu;Австралия и Океания;;;Самоуправляемое государственное образование в свободной ассоциации с Новой Зеландией
Новая Зеландия;nz;Австралия и Океания;;;
Новая Каледония;nc;Австралия и Океания;;;Особое административно-территориальное образование Франции в Тихом океане
Норвегия;no;Европа;;;
ОАЭ;ae;Азия;;;
Оман;om;Азия;;;
Остров Вознесения;sh;Африка;+;;Заморская территория Великобритании в Южной Атлантике, входит в состав: Острова Святой Елены, Вознесения и Тристан-да-Кунья
Остров Мэн;im;Европа;;;Коронное владение Великобритании в Ирландском море
Остров Норфолк;nf;Австралия и Океания;;;Внешняя территория Австралии в Тихом океане
Остров Рождества;cx;Азия;;;Внешняя территория Австралии в Индийском океане
Остров Святой Елены;sh;Африка;+;;Заморская территория Великобритании в Южной Атлантике, входит в состав: Острова Святой Елены, Вознесения и Тристан-да-Кунья
Острова Святой Елены, Вознесения и Тристан-да-Кунья;sh;Африка;;;Заморская территория Великобритании в Южной Атлантике
Острова Кука;ck;Австралия и Океания;;;Самоуправляемое государственное образование в свободной ассоциации с Новой Зеландией
Острова Питкэрн;pn;Австралия и Океания;;;Заморская территория Великобритании в Тихом океане
Пакистан;pk;Азия;;;
Палау;pw;Австралия и Океания;;;
Палестина;ps;Азия;;;
Панама;pa;Америка;;;
Папуа - Новая Гвинея;pg;Австралия и Океания;;;
Парагвай;py;Америка;;;
Перу;pe;Америка;;;
Польша;pl;Европа;;;
Португалия;pt;Европа;;;
Пруссия;prussia;Европа;+;;Бывшее государство в Центральной и Восточной Европе, территория современных государств: Германия, Россия, Польша, Литва
Пуэрто-Рико;pr;Америка;;;Неинкорпорированная территория США в Карибском бассейне
Республика Конго;cg;Африка;;;
Реюньон;re;Африка;;;Заморский департамент Франции в Индийском океане
Родезия;rhodesia;Африка;+;;Бывшее государство и колония Великобритании в Южной Африке, территория современной Зимбабве
Российская империя;ru;Европа;+;;
Россия;ru;Европа;;;
Руанда;rw;Африка;;;
Румыния;ro;Европа;;;
Сальвадор;sv;Америка;;;
Самоа;ws;Австралия и Океания;;;
Сан-Марино;sm;Европа;;;
Сан-Томе и Принсипи;st;Африка;;;
Саравак;sarawak;Азия;+;;Бывшее государство на острове Борнео, территория современной Малайзии
Саудовская Аравия;sa;Азия;;;
Северная Македония;mk;Европа;;;
Северное Борнео;north_borneo;Азия;+;;Бывшая колония Великобритании на острове Борнео, территория современной Малайзии
Северные Марианские Острова;mp;Австралия и Океания;;;Неинкорпорированная территория США в Тихом океане
Сейшельские Острова;sc;Африка;;;
Сен-Бартелеми;bl;Америка;;;Заморское сообщество Франции в Карибском бассейне
Сен-Мартен;mf;Америка;;;Заморское сообщество Франции в Карибском бассейне
Сен-Пьер и Микелон;pm;Америка;;;Заморское сообщество Франции в Северной Атлантике
Сенегал;sn;Африка;;;
Сент-Винсент и Гренадины;vc;Америка;;;
Сент-Китс и Невис;kn;Америка;;;
Сент-Люсия;lc;Америка;;;
Сербия;rs;Европа;;;
Сингапур;sg;Азия;;;
Синт-Мартен;sx;Америка;;;Автономная территория Королевства Нидерландов в Карибском бассейне
Сирия;sy;Азия;;;
Словакия;sk;Европа;;;
Словения;si;Европа;;;
Соломоновы Острова;sb;Австралия и Океания;;;
Сомали;so;Африка;;;
СССР;ussr;Европа;+;;
Стрейтс Сетлментс;straits_settlements;Азия;+;;Бывшая колония Великобритании на полуострове Малакка, территория современной Малайзии
Судан;sd;Африка;;;
Суринам;sr;Америка;;;
США;us;Америка;;;
Сьерра-Леоне;sl;Африка;;;
Таджикистан;tj;Азия;;;
Таиланд;th;Азия;;;
Тайвань;tw;Азия;;;
Танзания;tz;Африка;;;
Теркс и Кайкос;tc;Америка;;;Заморская территория Великобритании в Карибском бассейне
Того;tg;Африка;;;
Токелау;tk;Австралия и Океания;;;Зависимая территория Новой Зеландии
Тонга;to;Австралия и Океания;;;
Тринидад и Тобаго;tt;Америка;;;
Тристан-да-Кунья;sh;Африка;+;;Заморская территория Великобритании в Южной Атлантике, входит в состав: Острова Святой Елены, Вознесения и Тристан-да-Кунья
Тувалу;tv;Австралия и Океания;;;
Тунис;tn;Африка;;;
Туркменистан;tm;Азия;;;
Турция;tr;Азия;;;
Уганда;ug;Африка;;;
Узбекистан;uz;Азия;;;
Украина;ua;Европа;;;
Уоллис и Футуна;wf;Австралия и Океания;;;Заморское сообщество Франции в Тихом океане
Уругвай;uy;Америка;;;
Фарерские острова;fo;Европа;;;Автономная территория Датского королевства
Федеративные Штаты Микронезии;fm;Австралия и Океания;;;
Фиджи;fj;Австралия и Океания;;;
Филиппины;ph;Азия;;;
Финляндия;fi;Европа;;;
Фолклендские острова;fk;Америка;;;Заморская территория Великобритании в Южной Атлантике
Франция;fr;Европа;;;
Французская Гвиана;gf;Америка;;;Заморский департамент Франции в Южной Америке
Французская Западная Африка;fr;Африка;+;;Бывшая колония Франции в Африке, территория современных государств: Кот-д’Ивуар, Буркина-Фасо, Бенин, Мавритания, Нигер, Сенегал, Мали
Французская Океания;pf;Австралия и Океания;+;;Бывшая колония Франции в Тихом океане, территория современной Французской Полинезии
Французская Полинезия;pf;Австралия и Океания;;;Заморское сообщество Франции в Тихом океане
Французская Экваториальная Африка;french_equatorial_africa;Африка;+;;Бывшая колония Франции в Африке, территория современных государств: Габон, Республика Конго, ЦАР, Чад
Французские афар и исса;fr;Африка;+;;Бывшая колония Франции в Африке, территория современного Джибути
Французский Индокитай;french_indochina;Азия;+;;Бывшая колония Франции на полуострове Индокитай, территория современных государств: Вьетнам, Камбоджа, Лаос
Французское Сомали;fr;Африка;+;;Бывшая колония Франции в Африке, территория современного Джибути
Хорватия;hr;Европа;;;
ЦАР;cf;Африка;;;
Центральная Африка;unknown;Африка;;+;Единый эмитент валюты для шести государств Центральной Африки: Габон, Камерун, Республика Конго, ЦАР, Чад, Экваториальная Гвинея
Чад;td;Африка;;;
Черногория;me;Европа;;;
Чехия;cz;Европа;;;
Чехословакия;cz;Европа;+;;Бывшее государство в Центральной Европе, территория современных государств: Чехия, Словакия
Чили;cl;Америка;;;
Швейцария;ch;Европа;;;
Швеция;se;Европа;;;
Шпицберген;sj;Европа;;;Территория Норвегии в Северном Ледовитом океане с особым статусом
Шри-Ланка;lk;Азия;;;
Эквадор;ec;Америка;;;
Экваториальная Гвинея;gq;Африка;;;
Эритрея;er;Африка;;;
Эсватини;sz;Африка;;;
Эстония;ee;Европа;;;
Эфиопия;et;Африка;;;
ЮАР;za;Африка;;;
Югославия;yugoslavia;Европа;+;;Бывшее государство в Южной Европе, территория современных государств: Сербия, Косово, Хорватия, Словения, Северная Македония, Черногория, Босния и Герцеговина
Южная Георгия и Южные Сандвичевы Острова;gs;Америка;;;Заморская территория Великобритании в Южной Атлантике
Южная Корея;kr;Азия;;;
Южный Судан;ss;Африка;;;
Ямайка;jm;Америка;;;
Япония;jp;Азия;;;
